372875115,qhsl
469791604,vffvcwfvvhju
294916143,kcgrnwyfjxya
115381764,vkjnlq
589130344,wspgdgxfqw
137988346,klcjzmjbxtdu
365407593,txuscirdcrn
956002650,ohtwoesxd
291206723,dzuxxpib
942379949,uuxr
367877042,xqtej
40964254,hvvicdwll
535972721,epdoj
140028920,hssjpzrqfeto
103773442,fdwhpe
596524348,gpienq
257974111,hfprjce
631875256,owwjyvza
626373583,glnfrmoqi
735695846,tdwdl
321025850,egumnljcaqdh
429966875,rjxtim
690567412,omyp
850058978,unruwjjtf
821433222,qptrtp
535270917,qkhqbqowu
296306989,zqfk
551660150,lnpalc
976047644,uzyctoe
332729815,ovkihi
974447408,jgymo
221518299,hspmnwxsialh
810581563,nlkwdqw
604954908,vwvmrxvvzwm
963095292,vmvwsnda
396021809,ndocohi
831345731,vievjbwi
113991892,nvwnozwf
265649737,mvkbjuyaju
188963988,hftbaezne
59223444,nwmdkkzy
178257011,htetvzsydmzl
645294828,euac
210226706,elbluqccq
949798316,fvkghmpm
217358619,iasrkpc
156490387,igoggd
369030408,jwur
996540134,xokvkgxeyvfh
314160590,envjpuxeql
251121704,uflbwmwzl
898569009,cyxsgxtferdn
202551968,xnsoupbrgbl
454770410,vppfzylljd
438077169,gjiyevuuo
439255647,cemb
41933306,cjzzaynsnto
518279744,fpgm
832491684,soyt
376309742,zuuahybny
938837250,nkceoi
29213075,pfpkjmagds
522805843,rnzoqp
887910174,qxhx
481583532,wtmblefnbowy
691694983,jmxgu
337894582,szljsqekf
128621919,qxkokt
35634841,quicsfct
314503072,pnyozrpbu
181906900,igqos
496266692,qjkbnokw
706628082,jyeef
939401817,zvxwvtvabpd
261061169,sxbfpnlew
236972362,wmwmiq
688058441,aylfd
326948156,bemzgisrjt
836396252,nlpoxgy
176278868,icjaoyduvr
520739823,bkrx
120920322,msbchpeafqu
198758289,cdxswhm
26967560,tmdbybbc
325876789,ylaai
325181677,wlwvbnlzvb
218921868,buhjqzld
838372585,uzgpyd
592561828,arsnmkxroif
893629879,psslzok
407942921,jmftmsltgy
484604306,zcxoxso
982970183,imrbahbrhdkn
868078947,tmamoz
73032148,hyhro
899868721,quxsxmyc
185424719,mgbjdo
723347616,dexihcvq
106840110,lgzrptgme
932234025,swzgaaux
962856805,bfntzsy
589040124,ziboaevco
398414314,zerhtxldyz
162323707,ievrl
70304698,zhvois
866087399,zikrlgbehpgk
563858691,wyect
832601005,ckxwifhfotbx
262266339,inyyaviaeukw
774086611,aoyzeocvuwyk
389727908,ghqshfezanp
803926628,nzbaqxx
316782131,yftbfhwgh
485186090,qpzq
182367812,hmewqpmfdqwy
890819007,fgxrmzxoird
918658838,qcaydemnfz
764739112,bbsngxykjaf
68372559,kufweooy
74395380,kfkiixs
297565218,rrnywq
74653284,uockhxl
647872061,vofdvbmrhpw
764624082,lruj
703558018,qwuyvcqht
193860005,entm
464184640,zwbuitwzyf
770664804,ljxhzlfjbm
95281368,ofvljtbcrhj
973056236,tybtxhcbtszz
724583641,bdiihuriymsz
901437479,hqcbhazvuod
662583807,rpwyvnzxf
622732529,hfxw
942868335,fmdfuutonas
902769562,yhutabdlarb
758778021,qdtt
211531305,xuwrbrluxop
153518372,hvpnhha
802289625,kfegbawkgyiz
693224336,qqguvpf
522543242,krdek
678080676,fgtbrhqj
843475062,eafd
490804617,uelvz
237073267,igiv
94555785,pycjnq
390998294,ryfivjbrchb
261156364,uvfu
830430369,hconhbzcma
648433295,ekgmqc
469292758,adbdm
46434743,tsrnwsaeh
170008591,zyndtx
618053399,zpjvny
463306495,irsuopgdunk
630860370,rjpzxi
299827860,llzlpn
222310817,lbwgcghj
674415778,cneis
199260594,ukvsq
847330746,rsljvcnbgjdq
455329484,iehtmqkbdyav
95540156,acdxatgtq
238731667,dwcjb
215164375,mieamfi
839095918,ekmgdidbxx
121131477,nvykvnha
753918758,wkdtcuzsbey
233686815,yjugwuagxz
311103097,dagkd
697104725,khofdbifibv
576427579,lmwkjemsjty
264993017,jaag
729791185,wzntcuiia
419231451,vjrhvfey
384265304,nttux
116191874,fxdcubachab
340275188,qtkgaiajwgi
929628832,okqynxjhy
917698649,dhkjv
448774536,noek
814294484,pojgpcvksr
769832109,cbwoumdgth
488557937,jdnlyo
514997567,zlvevz
526092551,yfzinxff
24539140,zwbwfgonkeah
851043718,zhweoln
962851988,dwglfyw
521738141,iktfpbp
567501886,cucpewafo
610572804,wmkvfjdker
32226498,docqrbsupca
523659453,mteyie
665035322,ugbsqwwyhrx
909002221,wqmdrmjmxeie
832826826,mimi
542917913,xdyl
90918275,fxcbyf
182841592,safbqqcm
355166419,qlxwgb
892941879,bejfmj
293113944,webpwcopftw
465046821,laruefdwiml
998945002,dgtd
460998089,hkflmgklr
316451564,wiaepbhvazp
950946349,ncngayno
539696722,nwfdndori
362460782,lolfsji
922356199,gfck
933107899,yljode
284457034,zrpng
707570961,hmvryvlj
457934682,wedjtugoxy
142874700,bulthzmuqd
331689534,xonyxnfwunvk
215102035,yjxoc
586800327,mhcne
230674497,mzaummiz
492407808,riwcoznujll
297773475,qgkiulzjaaiz
553630238,spuecuoo
886429371,pmktwqktu
77288178,dhrjyq
761570233,jrhrmi
618875640,rfraetlrgwow
99980826,bhzy
470018119,awkfbssxoj
999738385,zernxa
721773412,ewml
155586116,rkhrmtxsa
850018467,lmvxopy
356828381,axgjamluhtna
257385099,xhvdqvih
300080174,nigjqmzid
600197984,myinfzg
358878783,typanyz
79111090,tcilpi
321385064,ylkkhdon
381412772,jebfnbnm
979209667,btfbronumwy
790099046,yvbpqoyul
725059090,rlwg
382894651,pzkcudkot
93449825,eufm
463981888,bljxjwoyfz
182606754,avrm
966016800,ohap
78594849,jxwna
294317552,xbwogw
104836246,xkazhnbwoj
351556941,cstapxe
845398711,zabifx
38634921,unssebv
795091127,zvazfyvd
790049519,vpvrlvw
121250647,qtlvzyppih
875637073,nmpydu
487692041,aovddp
496187904,moliw
458270036,tbipqvqxrmhs
369145807,znrtzou
170654512,ecwtlnnx
883049763,esjo
324678598,uyzch
202006945,ykcyzsvtea
684224646,nkitwvtmp
581737129,aiymjaq
49763206,gavgqpje
213875581,epbmutve
910265854,zkgpclmvt
836509077,emmtfapnr
50986069,ydudrwauflgb
416054162,tdtuevfgw
306924920,vjmqdrh
377603007,aazp
295914530,vrejbkeed
630525772,nxai
717388413,bqxfx
745718203,hlhb
304708771,sqfagorvuid
613161893,nyhqb
275345665,gdzzagkbs
616508869,ybhkobjedhe
362341786,ebpbc
688882649,abmfcppuk
821003676,ccbcozq
722173699,yxqdzkrauq
453085893,wmzfiepmve
336111507,hnpehftmp
899282662,xpokimadpxbe
106775496,xyfd
229709432,inbiotyntr
823520182,droma
631410522,yoct
406358668,dvxjdkhusyry
442314381,odqgamcoi
916240284,plnt
218576158,mnvxrzxht
376024790,wtxykn
49003493,iljzqu
37976240,enyqcjkcyw
195033200,fkkzz
844151005,vcujprqcq
502059383,xmoo
463212898,amkqsltgk
245528567,zvccqds
822662557,ikre
514067851,vewbwszsu
402906580,nisqeucb
675455945,kybltsxn
255740090,fyhuvbhgbenh
626932812,rgzojq
91900159,euxjesawd
322265137,kzijscwi
238624962,pxsqgtb
164933512,drjotaknowp
487686617,oxfetrk
166959587,cbcrssd
664699184,viumfauloao
875353057,agwo
629699125,bnghqlv
223601208,cegsqic
912107819,fgaekum
934750749,tmrcguunc
110024365,snby
268108514,pqunbwdwnjc
963946830,hzrkqrtgwhka
886933182,tpieizp
266124148,blzhpte
491696118,kgrahw
219778710,cucahegcl
658659016,hzjt
335511873,hyyrso
49019372,kcxorfzxpvl
775830662,obee
941167957,gibajdwth
336694869,mgclaxgjydnw
874741048,xuoexih
604262724,gmhmnzwr
473036174,fwgnkmii
101384958,uvddlwfcn
920184296,ksgtv
327644669,hhnmktykvnfd
297285159,zdgsighwfu
217319780,siwczr
787283247,yjvdcbwzdf
412403136,mavyqtfkuucg
143672194,vqgxbw
889652139,njrlwzvv
727947965,pbvueoz
691268761,eaykren
770437450,nkfgwdwnu
311625602,gxevetqm
508888005,bvvsd
495759333,lizftenvi
47099769,izdhl
254304674,yieibdoccy
697495432,tfrieyzce
791176391,orjrqrupzwyv
419032333,uszwajcnzhfb
147408285,oaxtwww
735119832,nvwi
529734951,fgqoy
759980204,daltqkt
2576089,peen
820705369,cosuqiv
440542340,pjaej
680352144,gfacoba
975581559,vavc
630152509,qrdgmwtczb
24621553,npdu
831823638,xazw
981422510,rluf
433336636,fhph
448177316,fdncqnvsnyck
517813661,pkanszmwbze
52514756,bjgbgpgei
665654739,yjsy
864949035,ggbrseqjel
380831937,wubfobjhoxj
266410377,izlvkl
928410572,lfanos
147475514,altnamapuwx
227444464,zfup
112329143,loyy
9795192,arqcoda
20085165,yukb
403537787,mlnogzv
406817302,jqqsmwj
766791194,kuuao
779192571,lqtfanzvlf
646141266,ahuhl
868292980,ztoe
18461556,yxclszxp
596565980,pfujslnxceow
41888066,ofpfazjl
115874371,dfxwvlk
493107604,mljreulpx
486562569,rtdslzlaeu
765048536,xleyxvheg
117346845,bfbcaaanc
458083726,dkimop
148459321,hqfhebm
239244712,wvnsopdnupoq
497274202,atszqiqvvehz
191388236,skccqqq
287987091,qetyky
219615767,fqed
888139030,xhlp
479068354,temtyz
605686299,fgstigkiq
596511115,ieuho
250577707,rfnvhvxbwe
952613816,gkcbr
399068712,urthhby
233078930,mmdbxi
774148612,bbpf
392889526,nvol
742784868,tfgxk
328496745,hkjhfoprfwd
681840283,owgshitye
859792878,ttul
765989837,erowtadekuj
71340339,zmygddlay
999213567,unqvp
898231867,mqmvoeg
575116418,bnsdxfoq
295806899,mmhnrbhkz
457803280,rhjndkz
384750383,dajyxoduec
558350497,arise
507998945,ibkzp
618521259,uleeli
962051968,bvtcznfu
930806026,eisjb
464976245,bzhvywiucuy
425557650,ytvrffsskdj
679440828,qjzzqn
623213080,khknoi
928522419,dauqamoot
693772484,qzxwf
151535957,oxba
2951742,osumssitktb
799086992,pdyuhsx
555579014,utrpeoznohxb
114887459,okjlyepdlxoa
413235578,qvotz
242992892,ryqwgtyyyr
786750408,xtcrxewq
651986640,ubbkvmlqmu
375238552,nsvngqh
121556673,evpbxaktrb
875009114,xfgdur
562061159,xoxtwinr
929469246,yfewpbtnpjb
281648960,xvje
736745924,gdspuumr
774089436,onykerhrg
184189136,rmwfptu
995475684,vtudqkzxpn
117867841,lcwucbfzd
173135184,hcghmvrok
904800722,yisb
369218660,sgxv
366596907,kzewr
303319862,jnys
294182073,iezmojfg
587996783,lpwg
569260656,suyoh
963692731,ammynpjbsza
912237613,quirqxqyfusd
939892872,qhsnrwyqr
140718723,xumwxfen
609596628,niaxlfttojj
172352930,xpgluarle
347554261,jthxedr
770349841,mnsasujjjid
172844944,xbmh
118445984,xrpbmwljlhl
260138246,kigsx
431959295,tzxitnple
625173472,yvpqtz
866992960,vlgrfhus
988381540,qetuqiyk
635276616,nnwqc
794350505,tuidf
460978702,wqhwqydjrz
437602315,ecnfxsyd
541643839,cefmccb
299296782,ysgqekslc
149971242,xylfj
904416683,usysxh
796780891,qepkcwrlr
777749869,sfybtvbqdncz
470710503,wkzuursibzi
500651071,sybifm
91227290,iuorhtwfcn
703955796,dgaxp
214580924,pggn
654371518,txezyqt
818326852,jglomahwam
171998642,dilaw
441756030,rvjebu
941835794,lkocaroh
39826583,yohhejgin
248543258,dlug
548828663,kzqfoddhh
855322051,jxnhia
389715983,lshbfebq
430756325,dfcicgrxre
958160125,bxvg
767687957,haprpxvkwafp
553004863,wrpfin
510175633,htmlnapdbrhf
308059690,mnapxgtd
415796195,eqgst
253261325,obogjv
912649904,ouwmwpjcc
542758103,dtbkthmwncfd
636025796,qpch
959434423,rxju
202812081,jhttexnmku
335306019,wydwpryr
924222943,qtllaa
646420883,tsigyg
804534303,irghbpwxjogj
720851221,kgutyxbxu
943024881,kgwrom
971315832,catjxhbx
480103979,vtzl
953022267,nddpdvoiwcvl
680975762,tnkujanztwk
962351049,maxfhvsgeed
502019579,arovx
874139520,dqwoscgzkhlx
816114319,etwdygq
795973691,ladqlsj
559148944,cqqniwrc
25711215,cuczfub
945706498,zepovu
459869430,jzyno
396718952,ogfjybsao
79425578,qhaztrpiky
415348685,xduufhd
634529651,nscaqn
647515936,qvagt
325656057,ezaq
896785090,lljoqtbme
541655277,napukltxcx
349604096,pqgvjc
425948056,cyizcdchgv
462718580,ywlrmj
762493818,lsgstnbburmf
434624711,wjrl
214828104,bfioifnhw
906840367,mugso
763306761,bwrq
432916171,cxcb
75765245,evyiepjmyn
86768757,lhtv
135082643,pkdsmvq
920486843,hrarrxpdege
529730725,usgsujqpfhie
475558849,ufnpul
452260583,wyynud
767109661,nrdl
96847854,spqkhulvccps
306116159,hxmhhsxr
652403167,tipdpnlkgrq
224380197,qllyrfumq
381664974,qhytzwtlwgk
987733515,mpusof
915562942,ilzrqwl
68312550,blvxexutjs
859023841,ipgerkba
376499466,ppjjwstkdqr
636642089,igxvka
288640948,fmlcumo
284891122,lrbgdstg
23695443,yhwmpfj
161564757,xmbzolhguseo
205743265,jmuzhyj
28324412,grhnenod
757528764,biqhoosn
24662506,cqipb
520652455,tbfwo
245345384,rlflexzbw
422313050,ienmdp
686627111,crdela
331708511,ganjngxy
54852232,stpdvzd
542718334,caliwcqnb
385677751,uvmg
100891651,oybgjomlpzgc
565869232,ozbbto
443221933,ctfam
624098801,bvjctdpzzhga
60846164,shrhglnpjim
272865834,liybcprwpcjr
499494171,kpwzoeujvm
157949318,wrtgdrqluod
480610228,mozoshxh
517713189,zzronfpcutkv
541527540,etubcfpmt
73589546,ukwekpibffqy
487800589,oyrctrh
616117581,cwffbnsgm
301635592,jixnwprs
378371294,wfvpqrbxidf
252321869,uxwqd
415785946,vwsjysj
76433798,nylsogiwxjcp
888061030,pjpuk
880252061,negzjguzndf
913372812,cndzim
827457599,tldwy
56143999,wdbsvjaryvw
164518022,otudsukvo
558323903,yakrbzauwxm
484552980,zkdlweibhca
690795418,bxysm
707749496,igelj
46623180,faafwq
786471348,ajkrnfznqsj
756388455,devpehjnju
665235249,qajrspyhst
629563968,olcgekqqub
512607421,hazbcrkz
244371138,btpzns
969857477,gnucl
609125693,acahwmbdnysu
176362021,tyjbzu
636075496,fftcal
148180195,kaug
899110387,obllkuk
960358390,fciwceqn
851132377,ytwqd
675368325,dpsqgi
353572054,xumwwije
678300036,thjls
63212733,lieo
632204581,rpws
808226113,hkgrwgx
118093814,cxixkuyik
132021418,dpzevuyycd
350481593,htamxxcytvqp
337104505,okzw
343042000,vvmcfhiel
226652913,vrrme
653414445,nnjblcga
882243358,bbutxnidfha
410242266,lybabyrapjex
72246889,aymx
911705506,siin
108404868,hwcxbznw
282079934,lkvxwrdgls
209006411,ltinpxpozpkx
231050316,mlineqrtuzti
352596307,zyiitrjrhyds
227627883,npbnbtmgmpg
731757756,cwnjla
669428902,rlbrxt
499226253,egnwgxpqdw
842570960,ppsaiiafp
264683934,geho
108305298,byebxeiggtn
509929352,hptyi
222220439,cemewb
562223938,abwudthken
108089262,easnufawlk
82325019,phqowvkmk
117111440,ydjtypyxhrip
263173291,wxwyasum
112286732,mvijcvd
526339633,eatmmoxtyk
836597374,pvrfqkln
503586168,syrrd
466456780,ffaj
9442941,uauhcjzvitxe
225472053,nubwz
134209090,mjmxwfohsuz
101006519,afygczeuhf
104165815,fhklwlv
501607655,zzzfyes
200163007,eide
625296444,fdsnao
46659704,zzibw
647930772,dwppxhj
567119742,rtrfkhzd
564527554,mbxrcyjujo
686258723,djlevtkhf
10571286,jenvbrgvkfu
797748258,hmdz
721953860,wjxdjq
778198628,hmryfba
611452254,mjkjg
428309555,ohgalsj
242771720,yjun
925405112,bltjuoxsdu
473074674,mjmvpwcaqo
846930660,qmshvwkabm
106922831,oyigzmsspc
282504550,kbxpr
912804484,hottdcggs
447642845,unoxnthqaro
914661389,tjbijdsj
306708894,ltijkwuuaf
494100114,oxcowcy
789394930,wkwpxog
21478990,hdkofolj
557717286,qngi
958286170,berwqunxgbh
265765547,gkaeagyjtq
646226012,prmhtk
83794269,rlzhsxkd
986525322,dhmwfwmyzucy
835360476,qxbbxgg
347616955,jligyghewqv
689018747,rnpifgwksg
908889934,lxuk
152846400,fnbfgdyjorib
171330272,hpeqgd
511746518,lewuipl
932442333,ugka
276863700,gawsosyt
444859072,hgox
731260607,mveqrxf
373051422,uwmlcxd
598777755,wzkl
997476337,zwjrhf
273198151,haxatlvxez
945731768,suxczvonq
78227548,zfuudyfypxht
266002907,sytqhxpfxua
157626256,ockvlkp
285896381,ffswbvpruo
801129391,cpywrhucihu
711424224,kttrplkgh
73025535,ptxvzl
498733267,gnxvncpqpl
401200267,cztdewhkmof
510557706,euffbsje
547169429,glgiefyuzcpe
735667225,qiuqldibjpx
651148978,gtploqhkgr
302616012,ujxrufsdu
36963681,cqrikkqd
466022409,rtfcutzs
283474630,lxikzbggbmz
848989817,jkenerrso
96466088,stwqxa
805866121,tsvflzsc
485952946,veru
827618617,ygxh
124551301,znbyeuytv
271491830,hecomctoqmsl
724658091,rgtkzeevnqbr
849429492,sxnmirydyowo
474152544,rzkyv
990559242,nlgllvyyluo
580119676,qrfglu
372613377,xcyyuazht
745534575,qcjyrvr
828567071,qeprvn
942557715,pldptz
923260418,pvnvlsqlynl
299425407,hanuhcadg
541806865,uwtznujozj
300243507,npfquh
736506852,ddxhvlfq
276258353,ofpufznokhlx
384469193,xoxkskk
478257214,uozevilnc
845910466,rmegdqrrpl
480110675,erlj
408666048,xbgotanfjgk
259644635,qgiissqyzfo
409026772,kdggrxiula
672714447,wlesrnrvlmu
649625605,pnslfdsur
193534876,bbzddmykcacy
515351464,rmvcwukpbal
685835364,kahkwcivhe
507753027,vdwthlvfy
325892075,xkfkrgzho
924414237,wfjqll
12835111,vzwrrgv
286942014,cbpwrkhaoifx
415050058,fbzgpmq
830291635,iontzujlxb
551413444,zmdmayqpuu
158876701,icdvmn
805719632,oepcoosigpo
415062301,ebta
175847773,wzgcpbclqshs
252481432,cqxhfwnph
60585902,zjpyo
100624046,ynxjwu
121373792,nibkhrmfdoea
709261732,uuhsqmlfm
857171736,djxcppy
495257515,njuuyddq
846988967,rjpfukop
609382388,elyuopiatgsn
182181320,qiyxi
827676194,qomlpvgaorld
879612436,dtpnrfl
926571699,enibhcxqzop
252004836,slkx
463313148,hskqnm
727034804,folacw
344941227,bxynrsg
585486347,kgihf
655015967,siqdhmljr
839317299,iqwjqabnsin
617943772,nqyomnjygrid
438702428,cmxbmhejqt
945179064,glipkzkty
801975075,zguahpuuoouh
43130646,drspo
42220236,fyhpbx
11385114,jtitfqa
650762266,otdwxdm
38657893,ssff
591672231,dnhh
492193078,tezezofyppv
353904160,ganaxlyki
620995974,mugwnfst
134961196,htjapcvfi
454097659,obhigts
953315862,xjlpsjzu
672200464,einhz
937560632,ajzrodx
521942539,qkszzem
492610349,arlsuyzal
222817924,itag
644027127,kydvxvty
831463793,xzomhz
296913971,eaxaupokcmyt
610523378,hnrinojd
919278003,fibnckuqd
926892998,hrctesvqdr
181339021,sqzx
162185577,dbhlurilgey
135550487,uwcguqmcx
404295370,ejlkyow
497656480,nycnncpsivn
926672034,cbzhy
255557061,zlwwddycy
638047692,whau
723190367,cfskair
947198494,gvpaewdkphlc
507059733,sbfwscxyfkj
331017098,nzkr
286635578,okbxy
27548188,thksmjpiwk
310803897,rqdfkvpmomrq
332817714,qmumt
970419902,bjrlgtdyqhsz
899080577,nzci
473182147,xdyvgjnr
41649456,ipsmgtwq
703875446,sblskyacz
79952794,studlljmu
419826767,veywzttdysed
829623752,dqrd
924425662,rpgfnvqm
328978537,wmsxoizftrbv
945053440,glvbhfmdwhy
800092178,twzmalvas
249673378,yalnqdcuiig
917147722,xqvrrmivuo
745213286,tbmssumqilm
404224784,yvphn
729067317,lvup
163452706,hovallugi
61937862,iolvxzqghb
165701933,jchdnajqi
330679540,npjdkdg
785350145,afhteig
288217372,kiucnbaub
941456895,ccdw
363845947,hqsdgofmfekr
132025640,qmjlervc
781747331,jjwikox
972241676,pelbykpvvq
302702878,ajjumbvmskh
718237458,bxdorikja
550630336,jomoutbm
876475502,ktldhsmtlbyz
517183757,tcjukluzpju
232115537,tjxpdzop
66624487,zrcxkda
931729604,ngadjyznwosh
759876519,gnwue
809491721,rxzspccxxzuf
538012884,hjiispbeluk
105563755,xvfx
892957384,rwchyfbzcrq
8071996,ncjkbjsiy
339178537,ehgyegavgt
395363170,incsiej
927274998,fixzyqlav
191116637,updyz
745914683,cupzten
99530264,cnasloojwl
674274367,fgpat
430144582,uerqjqyp
258339733,xvwah
640676910,uksbncdrrs
844340479,houbbadtfzrq
209565524,dxhckfelj
489450461,ikenw
920824205,bhcp
843108445,wjwdczdm
686853177,soymks
806528142,hvtnszh
719502039,nkkcqy
45992088,mkedt
962564804,prjpvjk
667084685,iujsoxg
362978354,aelm
629073871,twaaygsuhtt
828609664,qjvmlpyuiksd
152774790,mqxosd
279909663,xozhn
566783844,htbh
149096916,ljqupq
783135683,dhfjiexgsepq
923971380,neuelgmojyl
161801978,qknyyofpigow
612158490,evmvuxhki
598504480,ejnurbtd
325886460,udaushytd
40314526,fzmmi
888443517,hitkaw
782333813,pmlcbtzje
959563941,whfpvdtfego
533602088,nxjmmuvfnz
581991676,alzywnnbywdh
280450833,qyonan
877211349,mkekk
364410988,vvfijgijptn
486009420,irzme
923922715,ylamw
427112852,ouqrqfbrr
859487705,ljeqasne
299733914,gdweaucv
61326520,xuzui
802193399,pfvcxeovm
836166391,qqkazyyhustp
505528952,zmicdrta
93740590,wcyhut
786682742,mpsfpx
975531040,nytymq
322998551,mxroijzjkdtu
856911162,izwkkwolwfe
154999881,qiehgeyzsbee
898216661,yessafaiq
896149574,vyit
760635804,jsietalqgdj
401398056,uxfnqkgoqlvt
961390602,spxoyjc
674219010,ymqiilk
365639320,egztf
108632773,jprmi
885711245,amnpzccnddg
793168393,azauujzak
572788562,tstz
305051690,eorqgatp
752575212,wfsjteydzmum
708012684,tolvrugdi
500152092,oymvznuk
406036812,bcjirzpsajhx
100565821,imlhctpdbrvh
723165898,rwswcrvr
407132162,rysz
987728128,saxyr
89498409,elwcrvtmtbza
278558574,gtyf
20310621,hxwttq
327678004,pplejnbiejo
743245012,sgqpor
476727023,qimcwz
732533652,apbpwqabxq
404719866,dqmdruixd
971687939,atqzlz
766332817,hydiwxdv
796184601,tkkzfy
924117419,ydblyd
388171965,fioakpygjkqc
63051011,mnmxjtiulb
715445496,rcvnjzwxzhbp
657492890,xzmc
745489457,tbrplcsy
128038778,iozssotw
402777898,gvqaygy
