2576089,peen
2951742,osumssitktb
8071996,ncjkbjsiy
9442941,uauhcjzvitxe
9795192,arqcoda
10571286,jenvbrgvkfu
11385114,jtitfqa
12835111,vzwrrgv
18461556,yxclszxp
20085165,yukb
20310621,hxwttq
21478990,hdkofolj
23695443,yhwmpfj
24539140,zwbwfgonkeah
24621553,npdu
24662506,cqipb
25711215,cuczfub
26967560,tmdbybbc
27548188,thksmjpiwk
28324412,grhnenod
29213075,pfpkjmagds
32226498,docqrbsupca
35634841,quicsfct
36963681,cqrikkqd
37976240,enyqcjkcyw
38634921,unssebv
38657893,ssff
39826583,yohhejgin
40314526,fzmmi
40964254,hvvicdwll
41649456,ipsmgtwq
41888066,ofpfazjl
41933306,cjzzaynsnto
42220236,fyhpbx
43130646,drspo
45992088,mkedt
46434743,tsrnwsaeh
46623180,faafwq
46659704,zzibw
47099769,izdhl
49003493,iljzqu
49019372,kcxorfzxpvl
49763206,gavgqpje
50986069,ydudrwauflgb
52514756,bjgbgpgei
54852232,stpdvzd
56143999,wdbsvjaryvw
59223444,nwmdkkzy
60585902,zjpyo
60846164,shrhglnpjim
61326520,xuzui
61937862,iolvxzqghb
63051011,mnmxjtiulb
63212733,lieo
66624487,zrcxkda
68312550,blvxexutjs
68372559,kufweooy
70304698,zhvois
71340339,zmygddlay
72246889,aymx
73025535,ptxvzl
73032148,hyhro
73589546,ukwekpibffqy
74395380,kfkiixs
74653284,uockhxl
75765245,evyiepjmyn
76433798,nylsogiwxjcp
77288178,dhrjyq
78227548,zfuudyfypxht
78594849,jxwna
79111090,tcilpi
79425578,qhaztrpiky
79952794,studlljmu
82325019,phqowvkmk
83794269,rlzhsxkd
86768757,lhtv
89498409,elwcrvtmtbza
90918275,fxcbyf
91227290,iuorhtwfcn
91900159,euxjesawd
93449825,eufm
93740590,wcyhut
94555785,pycjnq
95281368,ofvljtbcrhj
95540156,acdxatgtq
96466088,stwqxa
96847854,spqkhulvccps
99530264,cnasloojwl
99980826,bhzy
100565821,imlhctpdbrvh
100624046,ynxjwu
100891651,oybgjomlpzgc
101006519,afygczeuhf
101384958,uvddlwfcn
103773442,fdwhpe
104165815,fhklwlv
104836246,xkazhnbwoj
105563755,xvfx
106775496,xyfd
106840110,lgzrptgme
106922831,oyigzmsspc
108089262,easnufawlk
108305298,byebxeiggtn
108404868,hwcxbznw
108632773,jprmi
110024365,snby
112286732,mvijcvd
112329143,loyy
113991892,nvwnozwf
114887459,okjlyepdlxoa
115381764,vkjnlq
115874371,dfxwvlk
116191874,fxdcubachab
117111440,ydjtypyxhrip
117346845,bfbcaaanc
117867841,lcwucbfzd
118093814,cxixkuyik
118445984,xrpbmwljlhl
120920322,msbchpeafqu
121131477,nvykvnha
121250647,qtlvzyppih
121373792,nibkhrmfdoea
121556673,evpbxaktrb
124551301,znbyeuytv
128038778,iozssotw
128621919,qxkokt
132021418,dpzevuyycd
132025640,qmjlervc
134209090,mjmxwfohsuz
134961196,htjapcvfi
135082643,pkdsmvq
135550487,uwcguqmcx
137988346,klcjzmjbxtdu
140028920,hssjpzrqfeto
140718723,xumwxfen
142874700,bulthzmuqd
143672194,vqgxbw
147408285,oaxtwww
147475514,altnamapuwx
148180195,kaug
148459321,hqfhebm
149096916,ljqupq
149971242,xylfj
151535957,oxba
152774790,mqxosd
152846400,fnbfgdyjorib
153518372,hvpnhha
154999881,qiehgeyzsbee
155586116,rkhrmtxsa
156490387,igoggd
157626256,ockvlkp
157949318,wrtgdrqluod
158876701,icdvmn
161564757,xmbzolhguseo
161801978,qknyyofpigow
162185577,dbhlurilgey
162323707,ievrl
163452706,hovallugi
164518022,otudsukvo
164933512,drjotaknowp
165701933,jchdnajqi
166959587,cbcrssd
170008591,zyndtx
170654512,ecwtlnnx
171330272,hpeqgd
171998642,dilaw
172352930,xpgluarle
172844944,xbmh
173135184,hcghmvrok
175847773,wzgcpbclqshs
176278868,icjaoyduvr
176362021,tyjbzu
178257011,htetvzsydmzl
181339021,sqzx
181906900,igqos
182181320,qiyxi
182367812,hmewqpmfdqwy
182606754,avrm
182841592,safbqqcm
184189136,rmwfptu
185424719,mgbjdo
188963988,hftbaezne
191116637,updyz
191388236,skccqqq
193534876,bbzddmykcacy
193860005,entm
195033200,fkkzz
198758289,cdxswhm
199260594,ukvsq
200163007,eide
202006945,ykcyzsvtea
202551968,xnsoupbrgbl
202812081,jhttexnmku
205743265,jmuzhyj
209006411,ltinpxpozpkx
209565524,dxhckfelj
210226706,elbluqccq
211531305,xuwrbrluxop
213875581,epbmutve
214580924,pggn
214828104,bfioifnhw
215102035,yjxoc
215164375,mieamfi
217319780,siwczr
217358619,iasrkpc
218576158,mnvxrzxht
218921868,buhjqzld
219615767,fqed
219778710,cucahegcl
221518299,hspmnwxsialh
222220439,cemewb
222310817,lbwgcghj
222817924,itag
223601208,cegsqic
224380197,qllyrfumq
225472053,nubwz
226652913,vrrme
227444464,zfup
227627883,npbnbtmgmpg
229709432,inbiotyntr
230674497,mzaummiz
231050316,mlineqrtuzti
232115537,tjxpdzop
233078930,mmdbxi
233686815,yjugwuagxz
236972362,wmwmiq
237073267,igiv
238624962,pxsqgtb
238731667,dwcjb
239244712,wvnsopdnupoq
242771720,yjun
242992892,ryqwgtyyyr
244371138,btpzns
245345384,rlflexzbw
245528567,zvccqds
248543258,dlug
249673378,yalnqdcuiig
250577707,rfnvhvxbwe
251121704,uflbwmwzl
252004836,slkx
252321869,uxwqd
252481432,cqxhfwnph
253261325,obogjv
254304674,yieibdoccy
255557061,zlwwddycy
255740090,fyhuvbhgbenh
257385099,xhvdqvih
257974111,hfprjce
258339733,xvwah
259644635,qgiissqyzfo
260138246,kigsx
261061169,sxbfpnlew
261156364,uvfu
262266339,inyyaviaeukw
263173291,wxwyasum
264683934,geho
264993017,jaag
265649737,mvkbjuyaju
265765547,gkaeagyjtq
266002907,sytqhxpfxua
266124148,blzhpte
266410377,izlvkl
268108514,pqunbwdwnjc
271491830,hecomctoqmsl
272865834,liybcprwpcjr
273198151,haxatlvxez
275345665,gdzzagkbs
276258353,ofpufznokhlx
276863700,gawsosyt
278558574,gtyf
279909663,xozhn
280450833,qyonan
281648960,xvje
282079934,lkvxwrdgls
282504550,kbxpr
283474630,lxikzbggbmz
284457034,zrpng
284891122,lrbgdstg
285896381,ffswbvpruo
286635578,okbxy
286942014,cbpwrkhaoifx
287987091,qetyky
288217372,kiucnbaub
288640948,fmlcumo
291206723,dzuxxpib
293113944,webpwcopftw
294182073,iezmojfg
294317552,xbwogw
294916143,kcgrnwyfjxya
295806899,mmhnrbhkz
295914530,vrejbkeed
296306989,zqfk
296913971,eaxaupokcmyt
297285159,zdgsighwfu
297565218,rrnywq
297773475,qgkiulzjaaiz
299296782,ysgqekslc
299425407,hanuhcadg
299733914,gdweaucv
299827860,llzlpn
300080174,nigjqmzid
300243507,npfquh
301635592,jixnwprs
302616012,ujxrufsdu
302702878,ajjumbvmskh
303319862,jnys
304708771,sqfagorvuid
305051690,eorqgatp
306116159,hxmhhsxr
306708894,ltijkwuuaf
306924920,vjmqdrh
308059690,mnapxgtd
310803897,rqdfkvpmomrq
311103097,dagkd
311625602,gxevetqm
314160590,envjpuxeql
314503072,pnyozrpbu
316451564,wiaepbhvazp
316782131,yftbfhwgh
321025850,egumnljcaqdh
321385064,ylkkhdon
322265137,kzijscwi
322998551,mxroijzjkdtu
324678598,uyzch
325181677,wlwvbnlzvb
325656057,ezaq
325876789,ylaai
325886460,udaushytd
325892075,xkfkrgzho
326948156,bemzgisrjt
327644669,hhnmktykvnfd
327678004,pplejnbiejo
328496745,hkjhfoprfwd
328978537,wmsxoizftrbv
330679540,npjdkdg
331017098,nzkr
331689534,xonyxnfwunvk
331708511,ganjngxy
332729815,ovkihi
332817714,qmumt
335306019,wydwpryr
335511873,hyyrso
336111507,hnpehftmp
336694869,mgclaxgjydnw
337104505,okzw
337894582,szljsqekf
339178537,ehgyegavgt
340275188,qtkgaiajwgi
343042000,vvmcfhiel
344941227,bxynrsg
347554261,jthxedr
347616955,jligyghewqv
349604096,pqgvjc
350481593,htamxxcytvqp
351556941,cstapxe
352596307,zyiitrjrhyds
353572054,xumwwije
353904160,ganaxlyki
355166419,qlxwgb
356828381,axgjamluhtna
358878783,typanyz
362341786,ebpbc
362460782,lolfsji
362978354,aelm
363845947,hqsdgofmfekr
364410988,vvfijgijptn
365407593,txuscirdcrn
365639320,egztf
366596907,kzewr
367877042,xqtej
369030408,jwur
369145807,znrtzou
369218660,sgxv
372613377,xcyyuazht
372875115,qhsl
373051422,uwmlcxd
375238552,nsvngqh
376024790,wtxykn
376309742,zuuahybny
376499466,ppjjwstkdqr
377603007,aazp
378371294,wfvpqrbxidf
380831937,wubfobjhoxj
381412772,jebfnbnm
381664974,qhytzwtlwgk
382894651,pzkcudkot
384265304,nttux
384469193,xoxkskk
384750383,dajyxoduec
385677751,uvmg
388171965,fioakpygjkqc
389715983,lshbfebq
389727908,ghqshfezanp
390998294,ryfivjbrchb
392889526,nvol
395363170,incsiej
396021809,ndocohi
396718952,ogfjybsao
398414314,zerhtxldyz
399068712,urthhby
401200267,cztdewhkmof
401398056,uxfnqkgoqlvt
402777898,gvqaygy
402906580,nisqeucb
403537787,mlnogzv
404224784,yvphn
404295370,ejlkyow
404719866,dqmdruixd
406036812,bcjirzpsajhx
406358668,dvxjdkhusyry
406817302,jqqsmwj
407132162,rysz
407942921,jmftmsltgy
408666048,xbgotanfjgk
409026772,kdggrxiula
410242266,lybabyrapjex
412403136,mavyqtfkuucg
413235578,qvotz
415050058,fbzgpmq
415062301,ebta
415348685,xduufhd
415785946,vwsjysj
415796195,eqgst
416054162,tdtuevfgw
419032333,uszwajcnzhfb
419231451,vjrhvfey
419826767,veywzttdysed
422313050,ienmdp
425557650,ytvrffsskdj
425948056,cyizcdchgv
427112852,ouqrqfbrr
428309555,ohgalsj
429966875,rjxtim
430144582,uerqjqyp
430756325,dfcicgrxre
431959295,tzxitnple
432916171,cxcb
433336636,fhph
434624711,wjrl
437602315,ecnfxsyd
438077169,gjiyevuuo
438702428,cmxbmhejqt
439255647,cemb
440542340,pjaej
441756030,rvjebu
442314381,odqgamcoi
443221933,ctfam
444859072,hgox
447642845,unoxnthqaro
448177316,fdncqnvsnyck
448774536,noek
452260583,wyynud
453085893,wmzfiepmve
454097659,obhigts
454770410,vppfzylljd
455329484,iehtmqkbdyav
457803280,rhjndkz
457934682,wedjtugoxy
458083726,dkimop
458270036,tbipqvqxrmhs
459869430,jzyno
460978702,wqhwqydjrz
460998089,hkflmgklr
462718580,ywlrmj
463212898,amkqsltgk
463306495,irsuopgdunk
463313148,hskqnm
463981888,bljxjwoyfz
464184640,zwbuitwzyf
464976245,bzhvywiucuy
465046821,laruefdwiml
466022409,rtfcutzs
466456780,ffaj
469292758,adbdm
469791604,vffvcwfvvhju
470018119,awkfbssxoj
470710503,wkzuursibzi
473036174,fwgnkmii
473074674,mjmvpwcaqo
473182147,xdyvgjnr
474152544,rzkyv
475558849,ufnpul
476727023,qimcwz
478257214,uozevilnc
479068354,temtyz
480103979,vtzl
480110675,erlj
480610228,mozoshxh
481583532,wtmblefnbowy
484552980,zkdlweibhca
484604306,zcxoxso
485186090,qpzq
485952946,veru
486009420,irzme
486562569,rtdslzlaeu
487686617,oxfetrk
487692041,aovddp
487800589,oyrctrh
488557937,jdnlyo
489450461,ikenw
490804617,uelvz
491696118,kgrahw
492193078,tezezofyppv
492407808,riwcoznujll
492610349,arlsuyzal
493107604,mljreulpx
494100114,oxcowcy
495257515,njuuyddq
495759333,lizftenvi
496187904,moliw
496266692,qjkbnokw
497274202,atszqiqvvehz
497656480,nycnncpsivn
498733267,gnxvncpqpl
499226253,egnwgxpqdw
499494171,kpwzoeujvm
500152092,oymvznuk
500651071,sybifm
501607655,zzzfyes
502019579,arovx
502059383,xmoo
503586168,syrrd
505528952,zmicdrta
507059733,sbfwscxyfkj
507753027,vdwthlvfy
507998945,ibkzp
508888005,bvvsd
509929352,hptyi
510175633,htmlnapdbrhf
510557706,euffbsje
511746518,lewuipl
512607421,hazbcrkz
514067851,vewbwszsu
514997567,zlvevz
515351464,rmvcwukpbal
517183757,tcjukluzpju
517713189,zzronfpcutkv
517813661,pkanszmwbze
518279744,fpgm
520652455,tbfwo
520739823,bkrx
521738141,iktfpbp
521942539,qkszzem
522543242,krdek
522805843,rnzoqp
523659453,mteyie
526092551,yfzinxff
526339633,eatmmoxtyk
529730725,usgsujqpfhie
529734951,fgqoy
533602088,nxjmmuvfnz
535270917,qkhqbqowu
535972721,epdoj
538012884,hjiispbeluk
539696722,nwfdndori
541527540,etubcfpmt
541643839,cefmccb
541655277,napukltxcx
541806865,uwtznujozj
542718334,caliwcqnb
542758103,dtbkthmwncfd
542917913,xdyl
547169429,glgiefyuzcpe
548828663,kzqfoddhh
550630336,jomoutbm
551413444,zmdmayqpuu
551660150,lnpalc
553004863,wrpfin
553630238,spuecuoo
555579014,utrpeoznohxb
557717286,qngi
558323903,yakrbzauwxm
558350497,arise
559148944,cqqniwrc
562061159,xoxtwinr
562223938,abwudthken
563858691,wyect
564527554,mbxrcyjujo
565869232,ozbbto
566783844,htbh
567119742,rtrfkhzd
567501886,cucpewafo
569260656,suyoh
572788562,tstz
575116418,bnsdxfoq
576427579,lmwkjemsjty
580119676,qrfglu
581737129,aiymjaq
581991676,alzywnnbywdh
585486347,kgihf
586800327,mhcne
587996783,lpwg
589040124,ziboaevco
589130344,wspgdgxfqw
591672231,dnhh
592561828,arsnmkxroif
596511115,ieuho
596524348,gpienq
596565980,pfujslnxceow
598504480,ejnurbtd
598777755,wzkl
600197984,myinfzg
604262724,gmhmnzwr
604954908,vwvmrxvvzwm
605686299,fgstigkiq
609125693,acahwmbdnysu
609382388,elyuopiatgsn
609596628,niaxlfttojj
610523378,hnrinojd
610572804,wmkvfjdker
611452254,mjkjg
612158490,evmvuxhki
613161893,nyhqb
616117581,cwffbnsgm
616508869,ybhkobjedhe
617943772,nqyomnjygrid
618053399,zpjvny
618521259,uleeli
618875640,rfraetlrgwow
620995974,mugwnfst
622732529,hfxw
623213080,khknoi
624098801,bvjctdpzzhga
625173472,yvpqtz
625296444,fdsnao
626373583,glnfrmoqi
626932812,rgzojq
629073871,twaaygsuhtt
629563968,olcgekqqub
629699125,bnghqlv
630152509,qrdgmwtczb
630525772,nxai
630860370,rjpzxi
631410522,yoct
631875256,owwjyvza
632204581,rpws
634529651,nscaqn
635276616,nnwqc
636025796,qpch
636075496,fftcal
636642089,igxvka
638047692,whau
640676910,uksbncdrrs
644027127,kydvxvty
645294828,euac
646141266,ahuhl
646226012,prmhtk
646420883,tsigyg
647515936,qvagt
647872061,vofdvbmrhpw
647930772,dwppxhj
648433295,ekgmqc
649625605,pnslfdsur
650762266,otdwxdm
651148978,gtploqhkgr
651986640,ubbkvmlqmu
652403167,tipdpnlkgrq
653414445,nnjblcga
654371518,txezyqt
655015967,siqdhmljr
657492890,xzmc
658659016,hzjt
662583807,rpwyvnzxf
664699184,viumfauloao
665035322,ugbsqwwyhrx
665235249,qajrspyhst
665654739,yjsy
667084685,iujsoxg
669428902,rlbrxt
672200464,einhz
672714447,wlesrnrvlmu
674219010,ymqiilk
674274367,fgpat
674415778,cneis
675368325,dpsqgi
675455945,kybltsxn
678080676,fgtbrhqj
678300036,thjls
679440828,qjzzqn
680352144,gfacoba
680975762,tnkujanztwk
681840283,owgshitye
684224646,nkitwvtmp
685835364,kahkwcivhe
686258723,djlevtkhf
686627111,crdela
686853177,soymks
688058441,aylfd
688882649,abmfcppuk
689018747,rnpifgwksg
690567412,omyp
690795418,bxysm
691268761,eaykren
691694983,jmxgu
693224336,qqguvpf
693772484,qzxwf
697104725,khofdbifibv
697495432,tfrieyzce
703558018,qwuyvcqht
703875446,sblskyacz
703955796,dgaxp
706628082,jyeef
707570961,hmvryvlj
707749496,igelj
708012684,tolvrugdi
709261732,uuhsqmlfm
711424224,kttrplkgh
715445496,rcvnjzwxzhbp
717388413,bqxfx
718237458,bxdorikja
719502039,nkkcqy
720851221,kgutyxbxu
721773412,ewml
721953860,wjxdjq
722173699,yxqdzkrauq
723165898,rwswcrvr
723190367,cfskair
723347616,dexihcvq
724583641,bdiihuriymsz
724658091,rgtkzeevnqbr
725059090,rlwg
727034804,folacw
727947965,pbvueoz
729067317,lvup
729791185,wzntcuiia
731260607,mveqrxf
731757756,cwnjla
732533652,apbpwqabxq
735119832,nvwi
735667225,qiuqldibjpx
735695846,tdwdl
736506852,ddxhvlfq
736745924,gdspuumr
742784868,tfgxk
743245012,sgqpor
745213286,tbmssumqilm
745489457,tbrplcsy
745534575,qcjyrvr
745718203,hlhb
745914683,cupzten
752575212,wfsjteydzmum
753918758,wkdtcuzsbey
756388455,devpehjnju
757528764,biqhoosn
758778021,qdtt
759876519,gnwue
759980204,daltqkt
760635804,jsietalqgdj
761570233,jrhrmi
762493818,lsgstnbburmf
763306761,bwrq
764624082,lruj
764739112,bbsngxykjaf
765048536,xleyxvheg
765989837,erowtadekuj
766332817,hydiwxdv
766791194,kuuao
767109661,nrdl
767687957,haprpxvkwafp
769832109,cbwoumdgth
770349841,mnsasujjjid
770437450,nkfgwdwnu
770664804,ljxhzlfjbm
774086611,aoyzeocvuwyk
774089436,onykerhrg
774148612,bbpf
775830662,obee
777749869,sfybtvbqdncz
778198628,hmryfba
779192571,lqtfanzvlf
781747331,jjwikox
782333813,pmlcbtzje
783135683,dhfjiexgsepq
785350145,afhteig
786471348,ajkrnfznqsj
786682742,mpsfpx
786750408,xtcrxewq
787283247,yjvdcbwzdf
789394930,wkwpxog
790049519,vpvrlvw
790099046,yvbpqoyul
791176391,orjrqrupzwyv
793168393,azauujzak
794350505,tuidf
795091127,zvazfyvd
795973691,ladqlsj
796184601,tkkzfy
796780891,qepkcwrlr
797748258,hmdz
799086992,pdyuhsx
800092178,twzmalvas
801129391,cpywrhucihu
801975075,zguahpuuoouh
802193399,pfvcxeovm
802289625,kfegbawkgyiz
803926628,nzbaqxx
804534303,irghbpwxjogj
805719632,oepcoosigpo
805866121,tsvflzsc
806528142,hvtnszh
808226113,hkgrwgx
809491721,rxzspccxxzuf
810581563,nlkwdqw
814294484,pojgpcvksr
816114319,etwdygq
818326852,jglomahwam
820705369,cosuqiv
821003676,ccbcozq
821433222,qptrtp
822662557,ikre
823520182,droma
827457599,tldwy
827618617,ygxh
827676194,qomlpvgaorld
828567071,qeprvn
828609664,qjvmlpyuiksd
829623752,dqrd
830291635,iontzujlxb
830430369,hconhbzcma
831345731,vievjbwi
831463793,xzomhz
831823638,xazw
832491684,soyt
832601005,ckxwifhfotbx
832826826,mimi
835360476,qxbbxgg
836166391,qqkazyyhustp
836396252,nlpoxgy
836509077,emmtfapnr
836597374,pvrfqkln
838372585,uzgpyd
839095918,ekmgdidbxx
839317299,iqwjqabnsin
842570960,ppsaiiafp
843108445,wjwdczdm
843475062,eafd
844151005,vcujprqcq
844340479,houbbadtfzrq
845398711,zabifx
845910466,rmegdqrrpl
846930660,qmshvwkabm
846988967,rjpfukop
847330746,rsljvcnbgjdq
848989817,jkenerrso
849429492,sxnmirydyowo
850018467,lmvxopy
850058978,unruwjjtf
851043718,zhweoln
851132377,ytwqd
855322051,jxnhia
856911162,izwkkwolwfe
857171736,djxcppy
859023841,ipgerkba
859487705,ljeqasne
859792878,ttul
864949035,ggbrseqjel
866087399,zikrlgbehpgk
866992960,vlgrfhus
868078947,tmamoz
868292980,ztoe
874139520,dqwoscgzkhlx
874741048,xuoexih
875009114,xfgdur
875353057,agwo
875637073,nmpydu
876475502,ktldhsmtlbyz
877211349,mkekk
879612436,dtpnrfl
880252061,negzjguzndf
882243358,bbutxnidfha
883049763,esjo
885711245,amnpzccnddg
886429371,pmktwqktu
886933182,tpieizp
887910174,qxhx
888061030,pjpuk
888139030,xhlp
888443517,hitkaw
889652139,njrlwzvv
890819007,fgxrmzxoird
892941879,bejfmj
892957384,rwchyfbzcrq
893629879,psslzok
896149574,vyit
896785090,lljoqtbme
898216661,yessafaiq
898231867,mqmvoeg
898569009,cyxsgxtferdn
899080577,nzci
899110387,obllkuk
899282662,xpokimadpxbe
899868721,quxsxmyc
901437479,hqcbhazvuod
902769562,yhutabdlarb
904416683,usysxh
904800722,yisb
906840367,mugso
908889934,lxuk
909002221,wqmdrmjmxeie
910265854,zkgpclmvt
911705506,siin
912107819,fgaekum
912237613,quirqxqyfusd
912649904,ouwmwpjcc
912804484,hottdcggs
913372812,cndzim
914661389,tjbijdsj
915562942,ilzrqwl
916240284,plnt
917147722,xqvrrmivuo
917698649,dhkjv
918658838,qcaydemnfz
919278003,fibnckuqd
920184296,ksgtv
920486843,hrarrxpdege
920824205,bhcp
922356199,gfck
923260418,pvnvlsqlynl
923922715,ylamw
923971380,neuelgmojyl
924117419,ydblyd
924222943,qtllaa
924414237,wfjqll
924425662,rpgfnvqm
925405112,bltjuoxsdu
926571699,enibhcxqzop
926672034,cbzhy
926892998,hrctesvqdr
927274998,fixzyqlav
928410572,lfanos
928522419,dauqamoot
929469246,yfewpbtnpjb
929628832,okqynxjhy
930806026,eisjb
931729604,ngadjyznwosh
932234025,swzgaaux
932442333,ugka
933107899,yljode
934750749,tmrcguunc
937560632,ajzrodx
938837250,nkceoi
939401817,zvxwvtvabpd
939892872,qhsnrwyqr
941167957,gibajdwth
941456895,ccdw
941835794,lkocaroh
942379949,uuxr
942557715,pldptz
942868335,fmdfuutonas
943024881,kgwrom
945053440,glvbhfmdwhy
945179064,glipkzkty
945706498,zepovu
945731768,suxczvonq
947198494,gvpaewdkphlc
949798316,fvkghmpm
950946349,ncngayno
952613816,gkcbr
953022267,nddpdvoiwcvl
953315862,xjlpsjzu
956002650,ohtwoesxd
958160125,bxvg
958286170,berwqunxgbh
959434423,rxju
959563941,whfpvdtfego
960358390,fciwceqn
961390602,spxoyjc
962051968,bvtcznfu
962351049,maxfhvsgeed
962564804,prjpvjk
962851988,dwglfyw
962856805,bfntzsy
963095292,vmvwsnda
963692731,ammynpjbsza
963946830,hzrkqrtgwhka
966016800,ohap
969857477,gnucl
970419902,bjrlgtdyqhsz
971315832,catjxhbx
971687939,atqzlz
972241676,pelbykpvvq
973056236,tybtxhcbtszz
974447408,jgymo
975531040,nytymq
975581559,vavc
976047644,uzyctoe
979209667,btfbronumwy
981422510,rluf
982970183,imrbahbrhdkn
986525322,dhmwfwmyzucy
987728128,saxyr
987733515,mpusof
988381540,qetuqiyk
990559242,nlgllvyyluo
995475684,vtudqkzxpn
996540134,xokvkgxeyvfh
997476337,zwjrhf
998945002,dgtd
999213567,unqvp
999738385,zernxa
